st_period,st_mult,n,k,atr_period,hv_threshold,total_return,annual_return,max_dd,max_dd_days,sharpe,calmar,daily_vol,n_trades,win_rate,profit_factor,avg_hold_days
34,4.9,22,5.5,1,0.99,0.23096410352156801,0.020592584987220608,-0.25434789067968644,735,0.017993163203407728,0.0809622793890354,0.15752643092745144,21,0.38095238095238093,2.1512041970364373,45.142857142857146
34,4.9,22,5.5,2,0.99,-0.33702219096667263,-0.03951549203424953,-0.4790616695188953,2500,-0.30208728583483535,-0.08248518833479945,0.17926586159102825,21,0.42857142857142855,0.8254191610425493,56.95238095238095
34,4.9,22,5.5,3,0.99,-0.089492222308347,-0.00915430549931695,-0.3694205259121586,2353,-0.11074643358478743,-0.024780175591796096,0.18998116562670844,17,0.47058823529411764,0.9498909213907796,85.11764705882354
34,4.9,22,5.5,4,0.99,-0.12848980249621486,-0.013399868464657794,-0.3823299406428112,2353,-0.134244450528168,-0.03504791814663691,0.1894494389731861,17,0.5294117647058824,0.6898900096457482,84.70588235294117
34,4.9,22,5.5,5,0.99,-0.059154014031483675,-0.005963427436001978,-0.37711198112778405,2294,-0.09412855540615256,-0.015813412817508112,0.18976532050201636,16,0.5,0.8578714406346132,91.625
34,4.9,22,5.5,6,0.99,-0.0006620350647998276,-6.496016532175908e-05,-0.3383873083951184,2219,-0.06186499285160582,-0.000191969863260676,0.19057399209827747,15,0.5333333333333333,0.8178314150797089,98.93333333333334
34,4.9,22,5.5,7,0.99,-0.2043491540660751,-0.02217393321293415,-0.3462011214513809,2353,-0.18500316119160967,-0.06404928187399928,0.18762332279863836,17,0.47058823529411764,0.7948922347171374,83.52941176470588
34,4.9,22,5.5,8,0.99,-0.20859657491400954,-0.022687206411581173,-0.3496912943096071,2353,-0.1880188484883737,-0.06487781303327082,0.18751426566025023,17,0.47058823529411764,0.780151225932508,82.94117647058823
34,4.9,22,5.5,9,0.99,-0.20328944560767234,-0.0220462595797557,-0.34533034225817955,2353,-0.18461855642620706,-0.06384107297259516,0.18746558104136704,17,0.47058823529411764,0.7970143916477737,82.94117647058823
34,4.9,22,5.5,10,0.99,-0.20328944560767234,-0.0220462595797557,-0.34533034225817955,2353,-0.18461855642620706,-0.06384107297259516,0.18746558104136704,17,0.47058823529411764,0.7970143916477737,82.94117647058823
34,4.9,22,5.5,11,0.99,-0.2620890644459308,-0.029373468693661975,-0.4167818125610875,2353,-0.22010569475412553,-0.07047684857735179,0.1895869727835047,18,0.4444444444444444,0.8734943947161194,79.88888888888889
34,4.9,22,5.5,12,0.99,-0.2620890644459308,-0.029373468693661975,-0.4167818125610875,2353,-0.22010569475412553,-0.07047684857735179,0.1895869727835047,18,0.4444444444444444,0.8734943947161194,79.88888888888889
34,4.9,22,5.5,13,0.99,-0.2620890644459308,-0.029373468693661975,-0.4167818125610875,2353,-0.22010569475412553,-0.07047684857735179,0.1895869727835047,18,0.4444444444444444,0.8734943947161194,79.88888888888889
34,4.9,22,5.5,14,0.99,-0.22536870252980526,-0.02473859152951574,-0.4167818125610875,2353,-0.19615623819372477,-0.05935621657168598,0.1890123817195693,18,0.4444444444444444,0.9134720780500434,79.83333333333333
34,4.9,22,5.5,15,0.99,-0.22536870252980526,-0.02473859152951574,-0.4167818125610875,2353,-0.19615623819372477,-0.05935621657168598,0.1890123817195693,18,0.4444444444444444,0.9134720780500434,79.83333333333333
34,4.9,22,5.5,16,0.99,-0.23817834375377128,-0.026332487974367935,-0.4167818125610875,2353,-0.204369078237289,-0.06318051119495142,0.1892248591859367,18,0.3888888888888889,1.1243857936423403,80.33333333333333
34,4.9,22,5.5,17,0.99,-0.09192580312910234,-0.009414398463019946,-0.359684971274927,1358,-0.11147372585603604,-0.026174011189986596,0.19038945610899405,17,0.4117647058823529,1.2883449121535153,86.47058823529412
34,4.9,22,5.5,18,0.99,-0.17473317601280683,-0.0186622107242288,-0.359684971274927,2353,-0.16309183713068665,-0.051884877641896934,0.18912839079054153,18,0.3888888888888889,1.260338982005911,79.83333333333333
34,4.9,22,5.5,19,0.99,-0.18522392558729778,-0.019892960348730115,-0.3678246231061767,2353,-0.1694461405391618,-0.054082731549453096,0.18927803677716287,18,0.3888888888888889,1.2438271467903872,80.05555555555556
34,4.9,22,5.5,20,0.99,-0.2538789293282103,-0.028319407645378547,-0.4159636826432196,2353,-0.2077589422864418,-0.06808144274861773,0.19275477543190245,18,0.3888888888888889,1.0753113905718692,84.94444444444444
34,4.9,22,5.5,21,0.99,-0.3734062792017838,-0.044818672647026214,-0.5095253256359896,2353,-0.3016725114065761,-0.08796161916207705,0.19077562296964923,19,0.3684210526315789,0.9539096389308945,79.57894736842105
34,4.9,22,5.5,22,0.99,-0.3734062792017838,-0.044818672647026214,-0.5095253256359896,2353,-0.3016725114065761,-0.08796161916207705,0.19077562296964923,19,0.3684210526315789,0.9539096389308945,79.57894736842105
34,4.9,22,5.5,23,0.99,-0.46006023834793525,-0.0586631847439103,-0.5773548792746988,2353,-0.385083758345245,-0.10160680518991343,0.18849183906026984,20,0.3,1.0638284611824373,72.9
34,4.9,22,5.5,24,0.99,-0.45610034704765107,-0.05798821020744738,-0.5742552210247729,2353,-0.38131246930936774,-0.10097985718608872,0.1884811631932571,20,0.3,1.070630913613145,72.85
34,4.9,22,5.5,25,0.99,-0.45610034704765107,-0.05798821020744738,-0.5742552210247729,2353,-0.38131246930936774,-0.10097985718608872,0.1884811631932571,20,0.3,1.070630913613145,72.85
34,4.9,22,5.5,26,0.99,-0.45822189358268295,-0.05834928045116572,-0.5759158901495645,2353,-0.38456686710688054,-0.10131562863461278,0.1880795051941188,20,0.3,1.0666421405272732,72.5
34,4.9,22,5.5,27,0.99,-0.43446332442764984,-0.054376572609896257,-0.5573185501461806,2353,-0.3566285191600357,-0.09756820869435205,0.18999125540889944,20,0.3,1.1123788961549295,77.0
34,4.9,22,5.5,28,0.99,-0.43446332442764984,-0.054376572609896257,-0.5573185501461806,2353,-0.3566285191600357,-0.09756820869435205,0.18999125540889944,20,0.3,1.1123788961549295,77.0
34,4.9,22,5.5,29,0.99,-0.43446332442764984,-0.054376572609896257,-0.5573185501461806,2353,-0.3566285191600357,-0.09756820869435205,0.18999125540889944,20,0.3,1.1123788961549295,77.0
34,4.9,22,5.5,30,0.99,-0.43446332442764984,-0.054376572609896257,-0.5573185501461806,2353,-0.3566285191600357,-0.09756820869435205,0.18999125540889944,20,0.3,1.1123788961549295,77.0
34,4.9,22,5.5,31,0.99,-0.43446332442764984,-0.054376572609896257,-0.5573185501461806,2353,-0.3566285191600357,-0.09756820869435205,0.18999125540889944,20,0.3,1.1123788961549295,77.0
34,4.9,22,5.5,32,0.99,-0.45706089752920437,-0.05815153056073852,-0.575007104851585,2353,-0.37672183671027626,-0.10113184701560861,0.1903124646848286,20,0.3,1.072128409321854,77.1
34,4.9,22,5.5,33,0.99,-0.4239585209891385,-0.05266785112417638,-0.5782799415242196,2353,-0.3495503565320648,-0.09107673869053011,0.18914889476344565,20,0.3,1.1257595562326803,77.0
34,4.9,22,5.5,34,0.99,-0.4239585209891385,-0.05266785112417638,-0.5782799415242196,2353,-0.3495503565320648,-0.09107673869053011,0.18914889476344565,20,0.3,1.1257595562326803,77.0
34,4.9,22,5.5,35,0.99,-0.4239585209891385,-0.05266785112417638,-0.5782799415242196,2353,-0.3495503565320648,-0.09107673869053011,0.18914889476344565,20,0.3,1.1257595562326803,77.0
34,4.9,22,5.5,36,0.99,-0.4239585209891385,-0.05266785112417638,-0.5782799415242196,2353,-0.3495503565320648,-0.09107673869053011,0.18914889476344565,20,0.3,1.1257595562326803,77.0
34,4.9,22,5.5,37,0.99,-0.4239585209891385,-0.05266785112417638,-0.5782799415242196,2353,-0.3495503565320648,-0.09107673869053011,0.18914889476344565,20,0.3,1.1257595562326803,77.0
34,4.9,22,5.5,38,0.99,-0.4236124217981205,-0.05261203394313374,-0.5780265622513846,2353,-0.3484902011231515,-0.09102009730869892,0.18940692160491004,20,0.3,1.1270181808562691,76.95
34,4.9,22,5.5,39,0.99,-0.41179352647675344,-0.05072385152552139,-0.5693739471053285,2353,-0.3394681854303495,-0.08908706094368941,0.1888774068564967,20,0.3,1.1482044611356006,76.8
34,4.9,22,5.5,40,0.99,-0.41179352647675344,-0.05072385152552139,-0.5693739471053285,2353,-0.3394681854303495,-0.08908706094368941,0.1888774068564967,20,0.3,1.1482044611356006,76.8
34,4.9,22,5.5,41,0.99,-0.3933721752352256,-0.04784801472066713,-0.5558876729291704,2353,-0.3281088263619282,-0.08607496990990801,0.1871724460931558,20,0.3,1.1778458911336023,74.2
34,4.9,22,5.5,42,0.99,-0.3933721752352256,-0.04784801472066713,-0.5558876729291704,2353,-0.3281088263619282,-0.08607496990990801,0.1871724460931558,20,0.3,1.1778458911336023,74.2
34,4.9,22,5.5,43,0.99,-0.3933721752352256,-0.04784801472066713,-0.5558876729291704,2353,-0.3281088263619282,-0.08607496990990801,0.1871724460931558,20,0.3,1.1778458911336023,74.2
34,4.9,22,5.5,44,0.99,-0.392039958265875,-0.04764310355007251,-0.5549123566738519,2353,-0.32704322950038195,-0.08585698800373733,0.18714187599706614,20,0.3,1.1804591985098478,74.25
34,4.9,22,5.5,45,0.99,-0.392039958265875,-0.04764310355007251,-0.5549123566738519,2353,-0.32704322950038195,-0.08585698800373733,0.18714187599706614,20,0.3,1.1804591985098478,74.25
34,4.9,22,5.5,46,0.99,-0.392039958265875,-0.04764310355007251,-0.5549123566738519,2353,-0.32704322950038195,-0.08585698800373733,0.18714187599706614,20,0.3,1.1804591985098478,74.25
